repo,group,max_count,max_ref
phoenix_omega,workflows,33,codex/runtime-consolidation
phoenix_omega,scripts,189,codex/github-no-failure-enforcement
phoenix_omega,config,1102,pearl-news-files
phoenix_omega,docs,451,pearl-news-files
phoenix_omega,pearl_news,64,codex/github-no-failure-enforcement
phoenix_omega,phoenix_v4,141,codex/github-no-failure-enforcement
phoenix_omega,tests,78,pearl-news-files
Qwen-Agent,workflows,9,codex/disable-prod-schedules
Qwen-Agent,scripts,18,codex/disable-prod-schedules
Qwen-Agent,config,30,codex/disable-prod-schedules
Qwen-Agent,docs,6,codex/disable-prod-schedules
Qwen-Agent,pearl_news,95,codex/disable-prod-schedules
Qwen-Agent,phoenix_v4,0,codex/disable-prod-schedules
Qwen-Agent,tests,24,codex/disable-prod-schedules
