persona,topic,engine,format_id,binding_exists,arc_exists,story_count,band_counts,required_bands_missing,min_depth_satisfied,last_story_update,risk,deficit_codes
corporate_managers,anxiety,comparison,F006,True,True,0,{},"[1, 2, 3, 4, 5]",False,,RED,"[""NO_STORY_POOL"", ""BAND_DEFICIT""]"
corporate_managers,anxiety,false_alarm,F006,True,True,0,{},"[1, 2, 3, 4, 5]",False,,RED,"[""NO_STORY_POOL"", ""BAND_DEFICIT""]"
corporate_managers,anxiety,grief,F006,True,True,0,{},"[1, 2, 3, 4, 5]",False,,RED,"[""NO_STORY_POOL"", ""BAND_DEFICIT""]"
corporate_managers,anxiety,overwhelm,F006,True,True,0,{},"[1, 2, 3, 4, 5]",False,,RED,"[""NO_STORY_POOL"", ""BAND_DEFICIT""]"
corporate_managers,anxiety,shame,F006,True,True,0,{},"[1, 2, 3, 4, 5]",False,,RED,"[""NO_STORY_POOL"", ""BAND_DEFICIT""]"
corporate_managers,anxiety,spiral,F006,True,True,0,{},"[1, 2, 3, 4, 5]",False,,RED,"[""NO_STORY_POOL"", ""BAND_DEFICIT""]"
corporate_managers,anxiety,watcher,F006,True,True,0,{},"[1, 2, 3, 4, 5]",False,,RED,"[""NO_STORY_POOL"", ""BAND_DEFICIT""]"
corporate_managers,boundaries,comparison,F006,True,True,0,{},"[1, 2, 3, 4, 5]",False,1771959083.7025936,RED,"[""NO_STORY_POOL"", ""BAND_DEFICIT""]"
corporate_managers,boundaries,false_alarm,F006,True,True,0,{},"[1, 2, 3, 4, 5]",False,1771959112.4429169,RED,"[""NO_STORY_POOL"", ""BAND_DEFICIT""]"
corporate_managers,boundaries,shame,F006,True,True,0,{},"[1, 2, 3, 4, 5]",False,1771959056.5330238,RED,"[""NO_STORY_POOL"", ""BAND_DEFICIT""]"
corporate_managers,burnout,grief,F006,True,True,0,{},"[1, 2, 3, 4, 5]",False,1771958797.5753148,RED,"[""NO_STORY_POOL"", ""BAND_DEFICIT""]"
corporate_managers,burnout,overwhelm,F006,True,True,0,{},"[1, 2, 3, 4, 5]",False,1771958692.9066594,RED,"[""NO_STORY_POOL"", ""BAND_DEFICIT""]"
corporate_managers,burnout,watcher,F006,True,True,0,{},"[1, 2, 3, 4, 5]",False,1771958741.8752308,RED,"[""NO_STORY_POOL"", ""BAND_DEFICIT""]"
corporate_managers,compassion_fatigue,grief,F006,True,True,0,{},"[1, 2, 3, 4, 5]",False,1771959524.3749094,RED,"[""NO_STORY_POOL"", ""BAND_DEFICIT""]"
corporate_managers,compassion_fatigue,overwhelm,F006,True,True,0,{},"[1, 2, 3, 4, 5]",False,1771959567.658138,RED,"[""NO_STORY_POOL"", ""BAND_DEFICIT""]"
corporate_managers,compassion_fatigue,watcher,F006,True,True,0,{},"[1, 2, 3, 4, 5]",False,1771959601.1492403,RED,"[""NO_STORY_POOL"", ""BAND_DEFICIT""]"
corporate_managers,courage,false_alarm,F006,True,True,0,{},"[1, 2, 3, 4, 5]",False,,RED,"[""NO_STORY_POOL"", ""BAND_DEFICIT""]"
corporate_managers,courage,shame,F006,True,True,0,{},"[1, 2, 3, 4, 5]",False,,RED,"[""NO_STORY_POOL"", ""BAND_DEFICIT""]"
corporate_managers,courage,spiral,F006,True,True,0,{},"[1, 2, 3, 4, 5]",False,,RED,"[""NO_STORY_POOL"", ""BAND_DEFICIT""]"
corporate_managers,depression,grief,F006,True,True,0,{},"[1, 2, 3, 4, 5]",False,1771959639.154707,RED,"[""NO_STORY_POOL"", ""BAND_DEFICIT""]"
corporate_managers,depression,overwhelm,F006,True,True,0,{},"[1, 2, 3, 4, 5]",False,1771959672.9784482,RED,"[""NO_STORY_POOL"", ""BAND_DEFICIT""]"
corporate_managers,depression,watcher,F006,True,True,0,{},"[1, 2, 3, 4, 5]",False,1771959702.33998,RED,"[""NO_STORY_POOL"", ""BAND_DEFICIT""]"
corporate_managers,financial_anxiety,overwhelm,F006,True,True,0,{},"[1, 2, 3, 4, 5]",False,1771958852.2568226,RED,"[""NO_STORY_POOL"", ""BAND_DEFICIT""]"
corporate_managers,financial_anxiety,shame,F006,True,True,0,{},"[1, 2, 3, 4, 5]",False,1771958946.995839,RED,"[""NO_STORY_POOL"", ""BAND_DEFICIT""]"
corporate_managers,financial_anxiety,spiral,F006,True,True,0,{},"[1, 2, 3, 4, 5]",False,1771958902.6004355,RED,"[""NO_STORY_POOL"", ""BAND_DEFICIT""]"
corporate_managers,financial_stress,overwhelm,F006,True,True,0,{},"[1, 2, 3, 4, 5]",False,,RED,"[""NO_STORY_POOL"", ""BAND_DEFICIT""]"
corporate_managers,financial_stress,shame,F006,True,True,0,{},"[1, 2, 3, 4, 5]",False,,RED,"[""NO_STORY_POOL"", ""BAND_DEFICIT""]"
corporate_managers,financial_stress,spiral,F006,True,True,0,{},"[1, 2, 3, 4, 5]",False,,RED,"[""NO_STORY_POOL"", ""BAND_DEFICIT""]"
corporate_managers,grief,grief,F006,True,True,0,{},"[1, 2, 3, 4, 5]",False,1771959729.6728997,RED,"[""NO_STORY_POOL"", ""BAND_DEFICIT""]"
corporate_managers,grief,watcher,F006,True,True,0,{},"[1, 2, 3, 4, 5]",False,1771959751.4659004,RED,"[""NO_STORY_POOL"", ""BAND_DEFICIT""]"
corporate_managers,imposter_syndrome,comparison,F006,True,True,0,{},"[1, 2, 3, 4, 5]",False,1771959024.764638,RED,"[""NO_STORY_POOL"", ""BAND_DEFICIT""]"
corporate_managers,imposter_syndrome,shame,F006,True,True,0,{},"[1, 2, 3, 4, 5]",False,1771958984.86413,RED,"[""NO_STORY_POOL"", ""BAND_DEFICIT""]"
corporate_managers,overthinking,false_alarm,F006,True,True,0,{},"[1, 2, 3, 4, 5]",False,1771959782.1811693,RED,"[""NO_STORY_POOL"", ""BAND_DEFICIT""]"
corporate_managers,overthinking,spiral,F006,True,True,0,{},"[1, 2, 3, 4, 5]",False,1771959809.0711586,RED,"[""NO_STORY_POOL"", ""BAND_DEFICIT""]"
corporate_managers,overthinking,watcher,F006,True,True,0,{},"[1, 2, 3, 4, 5]",False,1771959829.6909738,RED,"[""NO_STORY_POOL"", ""BAND_DEFICIT""]"
corporate_managers,self_worth,comparison,F006,True,True,0,{},"[1, 2, 3, 4, 5]",False,1771959850.8425925,RED,"[""NO_STORY_POOL"", ""BAND_DEFICIT""]"
corporate_managers,self_worth,shame,F006,True,True,0,{},"[1, 2, 3, 4, 5]",False,1771959872.2206962,RED,"[""NO_STORY_POOL"", ""BAND_DEFICIT""]"
corporate_managers,sleep_anxiety,false_alarm,F006,True,True,0,{},"[1, 2, 3, 4, 5]",False,1771959895.1012757,RED,"[""NO_STORY_POOL"", ""BAND_DEFICIT""]"
corporate_managers,sleep_anxiety,overwhelm,F006,True,True,0,{},"[1, 2, 3, 4, 5]",False,1771959917.2061305,RED,"[""NO_STORY_POOL"", ""BAND_DEFICIT""]"
corporate_managers,sleep_anxiety,spiral,F006,True,True,0,{},"[1, 2, 3, 4, 5]",False,1771959936.86228,RED,"[""NO_STORY_POOL"", ""BAND_DEFICIT""]"
corporate_managers,social_anxiety,comparison,F006,True,True,0,{},"[1, 2, 3, 4, 5]",False,1771959956.282969,RED,"[""NO_STORY_POOL"", ""BAND_DEFICIT""]"
corporate_managers,social_anxiety,false_alarm,F006,True,True,0,{},"[1, 2, 3, 4, 5]",False,1771959975.6365106,RED,"[""NO_STORY_POOL"", ""BAND_DEFICIT""]"
corporate_managers,social_anxiety,shame,F006,True,True,0,{},"[1, 2, 3, 4, 5]",False,1771959993.5054064,RED,"[""NO_STORY_POOL"", ""BAND_DEFICIT""]"
corporate_managers,somatic_healing,overwhelm,F006,True,True,0,{},"[1, 2, 3, 4, 5]",False,1771960011.4426699,RED,"[""NO_STORY_POOL"", ""BAND_DEFICIT""]"
corporate_managers,somatic_healing,watcher,F006,True,True,0,{},"[1, 2, 3, 4, 5]",False,1771960029.3832557,RED,"[""NO_STORY_POOL"", ""BAND_DEFICIT""]"
educators,anxiety,overwhelm,F006,True,True,20,"{""1"": 5, ""2"": 5, ""3"": 5, ""4"": 5}",[],True,1771893585.6041975,GREEN,[]
entrepreneurs,anxiety,comparison,F006,True,True,0,{},"[1, 2, 3, 4, 5]",False,,RED,"[""NO_STORY_POOL"", ""BAND_DEFICIT""]"
entrepreneurs,anxiety,false_alarm,F006,True,True,0,{},"[1, 2, 3, 4, 5]",False,,RED,"[""NO_STORY_POOL"", ""BAND_DEFICIT""]"
entrepreneurs,anxiety,grief,F006,True,True,0,{},"[1, 2, 3, 4, 5]",False,,RED,"[""NO_STORY_POOL"", ""BAND_DEFICIT""]"
entrepreneurs,anxiety,overwhelm,F006,True,True,0,{},"[1, 2, 3, 4, 5]",False,,RED,"[""NO_STORY_POOL"", ""BAND_DEFICIT""]"
entrepreneurs,anxiety,shame,F006,True,True,0,{},"[1, 2, 3, 4, 5]",False,,RED,"[""NO_STORY_POOL"", ""BAND_DEFICIT""]"
entrepreneurs,anxiety,spiral,F006,True,True,0,{},"[1, 2, 3, 4, 5]",False,,RED,"[""NO_STORY_POOL"", ""BAND_DEFICIT""]"
entrepreneurs,anxiety,watcher,F006,True,True,0,{},"[1, 2, 3, 4, 5]",False,,RED,"[""NO_STORY_POOL"", ""BAND_DEFICIT""]"
entrepreneurs,boundaries,comparison,F006,True,True,0,{},"[1, 2, 3, 4, 5]",False,1771958325.2015874,RED,"[""NO_STORY_POOL"", ""BAND_DEFICIT""]"
entrepreneurs,boundaries,false_alarm,F006,True,True,0,{},"[1, 2, 3, 4, 5]",False,1771958353.584472,RED,"[""NO_STORY_POOL"", ""BAND_DEFICIT""]"
entrepreneurs,boundaries,shame,F006,True,True,0,{},"[1, 2, 3, 4, 5]",False,1771958299.1054585,RED,"[""NO_STORY_POOL"", ""BAND_DEFICIT""]"
entrepreneurs,burnout,grief,F006,True,True,0,{},"[1, 2, 3, 4, 5]",False,1771958102.702077,RED,"[""NO_STORY_POOL"", ""BAND_DEFICIT""]"
entrepreneurs,burnout,overwhelm,F006,True,True,0,{},"[1, 2, 3, 4, 5]",False,1771958030.771945,RED,"[""NO_STORY_POOL"", ""BAND_DEFICIT""]"
entrepreneurs,burnout,watcher,F006,True,True,0,{},"[1, 2, 3, 4, 5]",False,1771958067.1377127,RED,"[""NO_STORY_POOL"", ""BAND_DEFICIT""]"
entrepreneurs,compassion_fatigue,grief,F006,True,True,0,{},"[1, 2, 3, 4, 5]",False,1771959544.395978,RED,"[""NO_STORY_POOL"", ""BAND_DEFICIT""]"
entrepreneurs,compassion_fatigue,overwhelm,F006,True,True,0,{},"[1, 2, 3, 4, 5]",False,1771959593.0491788,RED,"[""NO_STORY_POOL"", ""BAND_DEFICIT""]"
entrepreneurs,compassion_fatigue,watcher,F006,True,True,0,{},"[1, 2, 3, 4, 5]",False,1771959635.8037026,RED,"[""NO_STORY_POOL"", ""BAND_DEFICIT""]"
entrepreneurs,courage,false_alarm,F006,True,True,0,{},"[1, 2, 3, 4, 5]",False,,RED,"[""NO_STORY_POOL"", ""BAND_DEFICIT""]"
entrepreneurs,courage,shame,F006,True,True,0,{},"[1, 2, 3, 4, 5]",False,,RED,"[""NO_STORY_POOL"", ""BAND_DEFICIT""]"
entrepreneurs,courage,spiral,F006,True,True,0,{},"[1, 2, 3, 4, 5]",False,,RED,"[""NO_STORY_POOL"", ""BAND_DEFICIT""]"
entrepreneurs,depression,grief,F006,True,True,0,{},"[1, 2, 3, 4, 5]",False,1771959672.8718176,RED,"[""NO_STORY_POOL"", ""BAND_DEFICIT""]"
entrepreneurs,depression,overwhelm,F006,True,True,0,{},"[1, 2, 3, 4, 5]",False,1771959706.8608987,RED,"[""NO_STORY_POOL"", ""BAND_DEFICIT""]"
entrepreneurs,depression,watcher,F006,True,True,0,{},"[1, 2, 3, 4, 5]",False,1771959735.0510988,RED,"[""NO_STORY_POOL"", ""BAND_DEFICIT""]"
entrepreneurs,financial_anxiety,overwhelm,F006,True,True,0,{},"[1, 2, 3, 4, 5]",False,1771958138.3670235,RED,"[""NO_STORY_POOL"", ""BAND_DEFICIT""]"
entrepreneurs,financial_anxiety,shame,F006,True,True,0,{},"[1, 2, 3, 4, 5]",False,1771958209.374825,RED,"[""NO_STORY_POOL"", ""BAND_DEFICIT""]"
entrepreneurs,financial_anxiety,spiral,F006,True,True,0,{},"[1, 2, 3, 4, 5]",False,1771958176.58249,RED,"[""NO_STORY_POOL"", ""BAND_DEFICIT""]"
entrepreneurs,financial_stress,overwhelm,F006,True,True,0,{},"[1, 2, 3, 4, 5]",False,,RED,"[""NO_STORY_POOL"", ""BAND_DEFICIT""]"
entrepreneurs,financial_stress,shame,F006,True,True,0,{},"[1, 2, 3, 4, 5]",False,,RED,"[""NO_STORY_POOL"", ""BAND_DEFICIT""]"
entrepreneurs,financial_stress,spiral,F006,True,True,0,{},"[1, 2, 3, 4, 5]",False,,RED,"[""NO_STORY_POOL"", ""BAND_DEFICIT""]"
entrepreneurs,grief,grief,F006,True,True,0,{},"[1, 2, 3, 4, 5]",False,1771959762.449425,RED,"[""NO_STORY_POOL"", ""BAND_DEFICIT""]"
entrepreneurs,grief,watcher,F006,True,True,0,{},"[1, 2, 3, 4, 5]",False,1771959785.0450635,RED,"[""NO_STORY_POOL"", ""BAND_DEFICIT""]"
entrepreneurs,imposter_syndrome,comparison,F006,True,True,0,{},"[1, 2, 3, 4, 5]",False,1771958269.9583669,RED,"[""NO_STORY_POOL"", ""BAND_DEFICIT""]"
entrepreneurs,imposter_syndrome,shame,F006,True,True,0,{},"[1, 2, 3, 4, 5]",False,1771958240.360851,RED,"[""NO_STORY_POOL"", ""BAND_DEFICIT""]"
entrepreneurs,overthinking,false_alarm,F006,True,True,0,{},"[1, 2, 3, 4, 5]",False,1771959230.1202486,RED,"[""NO_STORY_POOL"", ""BAND_DEFICIT""]"
entrepreneurs,overthinking,spiral,F006,True,True,0,{},"[1, 2, 3, 4, 5]",False,1771959177.0542839,RED,"[""NO_STORY_POOL"", ""BAND_DEFICIT""]"
entrepreneurs,overthinking,watcher,F006,True,True,0,{},"[1, 2, 3, 4, 5]",False,1771959201.6520684,RED,"[""NO_STORY_POOL"", ""BAND_DEFICIT""]"
entrepreneurs,self_worth,comparison,F006,True,True,0,{},"[1, 2, 3, 4, 5]",False,1771959814.1010525,RED,"[""NO_STORY_POOL"", ""BAND_DEFICIT""]"
entrepreneurs,self_worth,shame,F006,True,True,0,{},"[1, 2, 3, 4, 5]",False,1771959840.5732636,RED,"[""NO_STORY_POOL"", ""BAND_DEFICIT""]"
entrepreneurs,sleep_anxiety,false_alarm,F006,True,True,0,{},"[1, 2, 3, 4, 5]",False,1771959255.781975,RED,"[""NO_STORY_POOL"", ""BAND_DEFICIT""]"
entrepreneurs,sleep_anxiety,overwhelm,F006,True,True,0,{},"[1, 2, 3, 4, 5]",False,1771959305.3265157,RED,"[""NO_STORY_POOL"", ""BAND_DEFICIT""]"
entrepreneurs,sleep_anxiety,spiral,F006,True,True,0,{},"[1, 2, 3, 4, 5]",False,1771959283.8420196,RED,"[""NO_STORY_POOL"", ""BAND_DEFICIT""]"
entrepreneurs,social_anxiety,comparison,F006,True,True,0,{},"[1, 2, 3, 4, 5]",False,1771959865.2752967,RED,"[""NO_STORY_POOL"", ""BAND_DEFICIT""]"
entrepreneurs,social_anxiety,false_alarm,F006,True,True,0,{},"[1, 2, 3, 4, 5]",False,1771959326.610333,RED,"[""NO_STORY_POOL"", ""BAND_DEFICIT""]"
entrepreneurs,social_anxiety,shame,F006,True,True,0,{},"[1, 2, 3, 4, 5]",False,1771959353.751033,RED,"[""NO_STORY_POOL"", ""BAND_DEFICIT""]"
entrepreneurs,somatic_healing,overwhelm,F006,True,True,0,{},"[1, 2, 3, 4, 5]",False,1771959889.8343039,RED,"[""NO_STORY_POOL"", ""BAND_DEFICIT""]"
entrepreneurs,somatic_healing,watcher,F006,True,True,0,{},"[1, 2, 3, 4, 5]",False,1771959910.7790244,RED,"[""NO_STORY_POOL"", ""BAND_DEFICIT""]"
first_responders,anxiety,comparison,F006,True,True,0,{},"[1, 2, 3, 4, 5]",False,,RED,"[""NO_STORY_POOL"", ""BAND_DEFICIT""]"
first_responders,anxiety,false_alarm,F006,True,True,0,{},"[1, 2, 3, 4, 5]",False,,RED,"[""NO_STORY_POOL"", ""BAND_DEFICIT""]"
first_responders,anxiety,grief,F006,True,True,0,{},"[1, 2, 3, 4, 5]",False,,RED,"[""NO_STORY_POOL"", ""BAND_DEFICIT""]"
first_responders,anxiety,overwhelm,F006,True,True,0,{},"[1, 2, 3, 4, 5]",False,,RED,"[""NO_STORY_POOL"", ""BAND_DEFICIT""]"
first_responders,anxiety,shame,F006,True,True,0,{},"[1, 2, 3, 4, 5]",False,,RED,"[""NO_STORY_POOL"", ""BAND_DEFICIT""]"
first_responders,anxiety,spiral,F006,True,True,0,{},"[1, 2, 3, 4, 5]",False,,RED,"[""NO_STORY_POOL"", ""BAND_DEFICIT""]"
first_responders,anxiety,watcher,F006,True,True,0,{},"[1, 2, 3, 4, 5]",False,,RED,"[""NO_STORY_POOL"", ""BAND_DEFICIT""]"
first_responders,boundaries,comparison,F006,True,True,0,{},"[1, 2, 3, 4, 5]",False,1771959226.325093,RED,"[""NO_STORY_POOL"", ""BAND_DEFICIT""]"
first_responders,boundaries,false_alarm,F006,True,True,0,{},"[1, 2, 3, 4, 5]",False,1771959257.8331158,RED,"[""NO_STORY_POOL"", ""BAND_DEFICIT""]"
first_responders,boundaries,shame,F006,True,True,0,{},"[1, 2, 3, 4, 5]",False,1771959196.2605722,RED,"[""NO_STORY_POOL"", ""BAND_DEFICIT""]"
first_responders,burnout,grief,F006,True,True,0,{},"[1, 2, 3, 4, 5]",False,1771958932.7536879,RED,"[""NO_STORY_POOL"", ""BAND_DEFICIT""]"
first_responders,burnout,overwhelm,F006,True,True,0,{},"[1, 2, 3, 4, 5]",False,1771958797.730179,RED,"[""NO_STORY_POOL"", ""BAND_DEFICIT""]"
first_responders,burnout,watcher,F006,True,True,0,{},"[1, 2, 3, 4, 5]",False,1771958864.0272303,RED,"[""NO_STORY_POOL"", ""BAND_DEFICIT""]"
first_responders,compassion_fatigue,grief,F006,True,True,0,{},"[1, 2, 3, 4, 5]",False,1771959495.5823748,RED,"[""NO_STORY_POOL"", ""BAND_DEFICIT""]"
first_responders,compassion_fatigue,overwhelm,F006,True,True,0,{},"[1, 2, 3, 4, 5]",False,1771959515.2045667,RED,"[""NO_STORY_POOL"", ""BAND_DEFICIT""]"
first_responders,compassion_fatigue,watcher,F006,True,True,0,{},"[1, 2, 3, 4, 5]",False,1771959533.8473122,RED,"[""NO_STORY_POOL"", ""BAND_DEFICIT""]"
first_responders,courage,false_alarm,F006,True,True,0,{},"[1, 2, 3, 4, 5]",False,,RED,"[""NO_STORY_POOL"", ""BAND_DEFICIT""]"
first_responders,courage,shame,F006,True,True,0,{},"[1, 2, 3, 4, 5]",False,,RED,"[""NO_STORY_POOL"", ""BAND_DEFICIT""]"
first_responders,courage,spiral,F006,True,True,0,{},"[1, 2, 3, 4, 5]",False,,RED,"[""NO_STORY_POOL"", ""BAND_DEFICIT""]"
first_responders,depression,grief,F006,True,True,0,{},"[1, 2, 3, 4, 5]",False,1771959550.6580167,RED,"[""NO_STORY_POOL"", ""BAND_DEFICIT""]"
first_responders,depression,overwhelm,F006,True,True,0,{},"[1, 2, 3, 4, 5]",False,1771959568.3849638,RED,"[""NO_STORY_POOL"", ""BAND_DEFICIT""]"
first_responders,depression,watcher,F006,True,True,0,{},"[1, 2, 3, 4, 5]",False,1771959584.5972264,RED,"[""NO_STORY_POOL"", ""BAND_DEFICIT""]"
first_responders,financial_anxiety,overwhelm,F006,True,True,0,{},"[1, 2, 3, 4, 5]",False,1771958996.0635068,RED,"[""NO_STORY_POOL"", ""BAND_DEFICIT""]"
first_responders,financial_anxiety,shame,F006,True,True,0,{},"[1, 2, 3, 4, 5]",False,1771959092.746018,RED,"[""NO_STORY_POOL"", ""BAND_DEFICIT""]"
first_responders,financial_anxiety,spiral,F006,True,True,0,{},"[1, 2, 3, 4, 5]",False,1771959047.9622438,RED,"[""NO_STORY_POOL"", ""BAND_DEFICIT""]"
first_responders,financial_stress,overwhelm,F006,True,True,0,{},"[1, 2, 3, 4, 5]",False,,RED,"[""NO_STORY_POOL"", ""BAND_DEFICIT""]"
first_responders,financial_stress,shame,F006,True,True,0,{},"[1, 2, 3, 4, 5]",False,,RED,"[""NO_STORY_POOL"", ""BAND_DEFICIT""]"
first_responders,financial_stress,spiral,F006,True,True,0,{},"[1, 2, 3, 4, 5]",False,,RED,"[""NO_STORY_POOL"", ""BAND_DEFICIT""]"
first_responders,grief,grief,F006,True,True,0,{},"[1, 2, 3, 4, 5]",False,1771959602.710561,RED,"[""NO_STORY_POOL"", ""BAND_DEFICIT""]"
first_responders,grief,watcher,F006,True,True,0,{},"[1, 2, 3, 4, 5]",False,1771959619.8906682,RED,"[""NO_STORY_POOL"", ""BAND_DEFICIT""]"
first_responders,imposter_syndrome,comparison,F006,True,True,0,{},"[1, 2, 3, 4, 5]",False,1771959163.6498716,RED,"[""NO_STORY_POOL"", ""BAND_DEFICIT""]"
first_responders,imposter_syndrome,shame,F006,True,True,0,{},"[1, 2, 3, 4, 5]",False,1771959128.877595,RED,"[""NO_STORY_POOL"", ""BAND_DEFICIT""]"
first_responders,overthinking,false_alarm,F006,True,True,0,{},"[1, 2, 3, 4, 5]",False,1771959637.4060712,RED,"[""NO_STORY_POOL"", ""BAND_DEFICIT""]"
first_responders,overthinking,spiral,F006,True,True,0,{},"[1, 2, 3, 4, 5]",False,1771959653.1405566,RED,"[""NO_STORY_POOL"", ""BAND_DEFICIT""]"
first_responders,overthinking,watcher,F006,True,True,0,{},"[1, 2, 3, 4, 5]",False,1771959668.5620477,RED,"[""NO_STORY_POOL"", ""BAND_DEFICIT""]"
first_responders,self_worth,comparison,F006,True,True,0,{},"[1, 2, 3, 4, 5]",False,1771959684.1278203,RED,"[""NO_STORY_POOL"", ""BAND_DEFICIT""]"
first_responders,self_worth,shame,F006,True,True,0,{},"[1, 2, 3, 4, 5]",False,1771959699.2535412,RED,"[""NO_STORY_POOL"", ""BAND_DEFICIT""]"
first_responders,sleep_anxiety,false_alarm,F006,True,True,0,{},"[1, 2, 3, 4, 5]",False,1771959715.9172077,RED,"[""NO_STORY_POOL"", ""BAND_DEFICIT""]"
first_responders,sleep_anxiety,overwhelm,F006,True,True,0,{},"[1, 2, 3, 4, 5]",False,1771959732.8491333,RED,"[""NO_STORY_POOL"", ""BAND_DEFICIT""]"
first_responders,sleep_anxiety,spiral,F006,True,True,0,{},"[1, 2, 3, 4, 5]",False,1771959747.6767364,RED,"[""NO_STORY_POOL"", ""BAND_DEFICIT""]"
first_responders,social_anxiety,comparison,F006,True,True,0,{},"[1, 2, 3, 4, 5]",False,1771959762.5364022,RED,"[""NO_STORY_POOL"", ""BAND_DEFICIT""]"
first_responders,social_anxiety,false_alarm,F006,True,True,0,{},"[1, 2, 3, 4, 5]",False,1771959778.0012817,RED,"[""NO_STORY_POOL"", ""BAND_DEFICIT""]"
first_responders,social_anxiety,shame,F006,True,True,0,{},"[1, 2, 3, 4, 5]",False,1771959791.6185331,RED,"[""NO_STORY_POOL"", ""BAND_DEFICIT""]"
first_responders,somatic_healing,overwhelm,F006,True,True,0,{},"[1, 2, 3, 4, 5]",False,1771959804.9194725,RED,"[""NO_STORY_POOL"", ""BAND_DEFICIT""]"
first_responders,somatic_healing,watcher,F006,True,True,0,{},"[1, 2, 3, 4, 5]",False,1771959818.6855896,RED,"[""NO_STORY_POOL"", ""BAND_DEFICIT""]"
gen_alpha_students,anxiety,comparison,F006,True,True,20,"{""2"": 7, ""3"": 10, ""4"": 3}","[1, 5]",True,1771882753.6154733,RED,"[""BAND_DEFICIT""]"
gen_alpha_students,anxiety,false_alarm,F006,True,True,20,"{""2"": 7, ""3"": 10, ""4"": 3}","[1, 5]",True,1771882177.474013,RED,"[""BAND_DEFICIT""]"
gen_alpha_students,anxiety,grief,F006,True,True,20,"{""2"": 7, ""3"": 10, ""4"": 3}","[1, 5]",True,1771882848.460277,RED,"[""BAND_DEFICIT""]"
gen_alpha_students,anxiety,overwhelm,F006,True,True,20,"{""2"": 7, ""3"": 10, ""4"": 3}","[1, 5]",True,1771882459.5658863,RED,"[""BAND_DEFICIT""]"
gen_alpha_students,anxiety,shame,F006,True,True,20,"{""2"": 7, ""3"": 10, ""4"": 3}","[1, 5]",True,1771882554.8212247,RED,"[""BAND_DEFICIT""]"
gen_alpha_students,anxiety,spiral,F006,True,True,20,"{""2"": 7, ""3"": 10, ""4"": 3}","[1, 5]",True,1771882268.6431139,RED,"[""BAND_DEFICIT""]"
gen_alpha_students,anxiety,watcher,F006,True,True,20,"{""2"": 7, ""3"": 10, ""4"": 3}","[1, 5]",True,1771882363.560123,RED,"[""BAND_DEFICIT""]"
gen_alpha_students,boundaries,comparison,F006,True,True,0,{},"[1, 2, 3, 4, 5]",False,1771969125.3885098,RED,"[""NO_STORY_POOL"", ""BAND_DEFICIT""]"
gen_alpha_students,boundaries,false_alarm,F006,True,True,0,{},"[1, 2, 3, 4, 5]",False,1771969125.3902733,RED,"[""NO_STORY_POOL"", ""BAND_DEFICIT""]"
gen_alpha_students,boundaries,shame,F006,True,True,0,{},"[1, 2, 3, 4, 5]",False,1771969125.3916771,RED,"[""NO_STORY_POOL"", ""BAND_DEFICIT""]"
gen_alpha_students,burnout,grief,F006,True,True,0,{},"[1, 2, 3, 4, 5]",False,1771959602.7116008,RED,"[""NO_STORY_POOL"", ""BAND_DEFICIT""]"
gen_alpha_students,burnout,overwhelm,F006,True,True,0,{},"[1, 2, 3, 4, 5]",False,1771959676.3405983,RED,"[""NO_STORY_POOL"", ""BAND_DEFICIT""]"
gen_alpha_students,burnout,watcher,F006,True,True,0,{},"[1, 2, 3, 4, 5]",False,1771959742.1061602,RED,"[""NO_STORY_POOL"", ""BAND_DEFICIT""]"
gen_alpha_students,compassion_fatigue,grief,F006,True,True,0,{},"[1, 2, 3, 4, 5]",False,1771969125.3929296,RED,"[""NO_STORY_POOL"", ""BAND_DEFICIT""]"
gen_alpha_students,compassion_fatigue,overwhelm,F006,True,True,0,{},"[1, 2, 3, 4, 5]",False,1771969154.4285102,RED,"[""NO_STORY_POOL"", ""BAND_DEFICIT""]"
gen_alpha_students,compassion_fatigue,watcher,F006,True,True,0,{},"[1, 2, 3, 4, 5]",False,1771969154.4315326,RED,"[""NO_STORY_POOL"", ""BAND_DEFICIT""]"
gen_alpha_students,courage,false_alarm,F006,True,True,20,"{""2"": 7, ""3"": 10, ""4"": 3}","[1, 5]",True,1771884058.5322247,RED,"[""BAND_DEFICIT""]"
gen_alpha_students,courage,shame,F006,True,True,20,"{""2"": 7, ""3"": 10, ""4"": 3}","[1, 5]",True,1771884316.0896237,RED,"[""BAND_DEFICIT""]"
gen_alpha_students,courage,spiral,F006,True,True,20,"{""2"": 7, ""3"": 10, ""4"": 3}","[1, 5]",True,1771885547.8092926,RED,"[""BAND_DEFICIT""]"
gen_alpha_students,depression,grief,F006,True,True,0,{},"[1, 2, 3, 4, 5]",False,1771969174.8703506,RED,"[""NO_STORY_POOL"", ""BAND_DEFICIT""]"
gen_alpha_students,depression,overwhelm,F006,True,True,0,{},"[1, 2, 3, 4, 5]",False,1771969174.8735445,RED,"[""NO_STORY_POOL"", ""BAND_DEFICIT""]"
gen_alpha_students,depression,watcher,F006,True,True,0,{},"[1, 2, 3, 4, 5]",False,1771969192.3305428,RED,"[""NO_STORY_POOL"", ""BAND_DEFICIT""]"
gen_alpha_students,financial_anxiety,overwhelm,F006,True,True,0,{},"[1, 2, 3, 4, 5]",False,1771959799.1533306,RED,"[""NO_STORY_POOL"", ""BAND_DEFICIT""]"
gen_alpha_students,financial_anxiety,shame,F006,True,True,0,{},"[1, 2, 3, 4, 5]",False,1771959850.306921,RED,"[""NO_STORY_POOL"", ""BAND_DEFICIT""]"
gen_alpha_students,financial_anxiety,spiral,F006,True,True,0,{},"[1, 2, 3, 4, 5]",False,1771959894.503727,RED,"[""NO_STORY_POOL"", ""BAND_DEFICIT""]"
gen_alpha_students,financial_stress,overwhelm,F006,True,True,16,"{""2"": 5, ""3"": 6, ""4"": 4, ""1"": 1}",[5],True,1771893551.7497752,RED,"[""BAND_DEFICIT""]"
gen_alpha_students,financial_stress,shame,F006,True,True,17,"{""2"": 5, ""3"": 7, ""4"": 4, ""1"": 1}",[5],True,1771893551.7508,RED,"[""BAND_DEFICIT""]"
gen_alpha_students,financial_stress,spiral,F006,True,True,17,"{""2"": 5, ""3"": 7, ""4"": 4, ""1"": 1}",[5],True,1771893551.751864,RED,"[""BAND_DEFICIT""]"
gen_alpha_students,grief,grief,F006,True,True,0,{},"[1, 2, 3, 4, 5]",False,1771969154.4339013,RED,"[""NO_STORY_POOL"", ""BAND_DEFICIT""]"
gen_alpha_students,grief,watcher,F006,True,True,0,{},"[1, 2, 3, 4, 5]",False,1771969154.4366732,RED,"[""NO_STORY_POOL"", ""BAND_DEFICIT""]"
gen_alpha_students,imposter_syndrome,comparison,F006,True,True,0,{},"[1, 2, 3, 4, 5]",False,1771959927.6208162,RED,"[""NO_STORY_POOL"", ""BAND_DEFICIT""]"
gen_alpha_students,imposter_syndrome,shame,F006,True,True,0,{},"[1, 2, 3, 4, 5]",False,1771959955.7879837,RED,"[""NO_STORY_POOL"", ""BAND_DEFICIT""]"
gen_alpha_students,overthinking,false_alarm,F006,True,True,0,{},"[1, 2, 3, 4, 5]",False,1771959982.483176,RED,"[""NO_STORY_POOL"", ""BAND_DEFICIT""]"
gen_alpha_students,overthinking,spiral,F006,True,True,0,{},"[1, 2, 3, 4, 5]",False,1771960008.425648,RED,"[""NO_STORY_POOL"", ""BAND_DEFICIT""]"
gen_alpha_students,overthinking,watcher,F006,True,True,0,{},"[1, 2, 3, 4, 5]",False,1771960036.1843712,RED,"[""NO_STORY_POOL"", ""BAND_DEFICIT""]"
gen_alpha_students,self_worth,comparison,F006,True,True,0,{},"[1, 2, 3, 4, 5]",False,1771969154.4399915,RED,"[""NO_STORY_POOL"", ""BAND_DEFICIT""]"
gen_alpha_students,self_worth,shame,F006,True,True,0,{},"[1, 2, 3, 4, 5]",False,1771969154.4466202,RED,"[""NO_STORY_POOL"", ""BAND_DEFICIT""]"
gen_alpha_students,sleep_anxiety,false_alarm,F006,True,True,0,{},"[1, 2, 3, 4, 5]",False,1771960059.7644553,RED,"[""NO_STORY_POOL"", ""BAND_DEFICIT""]"
gen_alpha_students,sleep_anxiety,overwhelm,F006,True,True,0,{},"[1, 2, 3, 4, 5]",False,1771960090.674796,RED,"[""NO_STORY_POOL"", ""BAND_DEFICIT""]"
gen_alpha_students,sleep_anxiety,spiral,F006,True,True,0,{},"[1, 2, 3, 4, 5]",False,1771960118.7248921,RED,"[""NO_STORY_POOL"", ""BAND_DEFICIT""]"
gen_alpha_students,social_anxiety,comparison,F006,True,True,0,{},"[1, 2, 3, 4, 5]",False,1771960143.6354082,RED,"[""NO_STORY_POOL"", ""BAND_DEFICIT""]"
gen_alpha_students,social_anxiety,false_alarm,F006,True,True,0,{},"[1, 2, 3, 4, 5]",False,1771960164.4583116,RED,"[""NO_STORY_POOL"", ""BAND_DEFICIT""]"
gen_alpha_students,social_anxiety,shame,F006,True,True,0,{},"[1, 2, 3, 4, 5]",False,1771960187.5649402,RED,"[""NO_STORY_POOL"", ""BAND_DEFICIT""]"
gen_alpha_students,somatic_healing,overwhelm,F006,True,True,0,{},"[1, 2, 3, 4, 5]",False,1771960209.2912438,RED,"[""NO_STORY_POOL"", ""BAND_DEFICIT""]"
gen_alpha_students,somatic_healing,watcher,F006,True,True,0,{},"[1, 2, 3, 4, 5]",False,1771960231.4107409,RED,"[""NO_STORY_POOL"", ""BAND_DEFICIT""]"
gen_x_sandwich,anxiety,comparison,F006,True,True,0,{},"[1, 2, 3, 4, 5]",False,,RED,"[""NO_STORY_POOL"", ""BAND_DEFICIT""]"
gen_x_sandwich,anxiety,false_alarm,F006,True,True,0,{},"[1, 2, 3, 4, 5]",False,,RED,"[""NO_STORY_POOL"", ""BAND_DEFICIT""]"
gen_x_sandwich,anxiety,grief,F006,True,True,0,{},"[1, 2, 3, 4, 5]",False,,RED,"[""NO_STORY_POOL"", ""BAND_DEFICIT""]"
gen_x_sandwich,anxiety,overwhelm,F006,True,True,0,{},"[1, 2, 3, 4, 5]",False,,RED,"[""NO_STORY_POOL"", ""BAND_DEFICIT""]"
gen_x_sandwich,anxiety,shame,F006,True,True,0,{},"[1, 2, 3, 4, 5]",False,,RED,"[""NO_STORY_POOL"", ""BAND_DEFICIT""]"
gen_x_sandwich,anxiety,spiral,F006,True,True,0,{},"[1, 2, 3, 4, 5]",False,,RED,"[""NO_STORY_POOL"", ""BAND_DEFICIT""]"
gen_x_sandwich,anxiety,watcher,F006,True,True,0,{},"[1, 2, 3, 4, 5]",False,,RED,"[""NO_STORY_POOL"", ""BAND_DEFICIT""]"
gen_x_sandwich,boundaries,comparison,F006,True,True,0,{},"[1, 2, 3, 4, 5]",False,1771958374.7292655,RED,"[""NO_STORY_POOL"", ""BAND_DEFICIT""]"
gen_x_sandwich,boundaries,false_alarm,F006,True,True,0,{},"[1, 2, 3, 4, 5]",False,1771958406.769556,RED,"[""NO_STORY_POOL"", ""BAND_DEFICIT""]"
gen_x_sandwich,boundaries,shame,F006,True,True,0,{},"[1, 2, 3, 4, 5]",False,1771958349.511994,RED,"[""NO_STORY_POOL"", ""BAND_DEFICIT""]"
gen_x_sandwich,burnout,grief,F006,True,True,0,{},"[1, 2, 3, 4, 5]",False,1771958176.040147,RED,"[""NO_STORY_POOL"", ""BAND_DEFICIT""]"
gen_x_sandwich,burnout,overwhelm,F006,True,True,0,{},"[1, 2, 3, 4, 5]",False,1771958106.5066743,RED,"[""NO_STORY_POOL"", ""BAND_DEFICIT""]"
gen_x_sandwich,burnout,watcher,F006,True,True,0,{},"[1, 2, 3, 4, 5]",False,1771958142.1685324,RED,"[""NO_STORY_POOL"", ""BAND_DEFICIT""]"
gen_x_sandwich,compassion_fatigue,grief,F006,True,True,0,{},"[1, 2, 3, 4, 5]",False,1771959085.5134313,RED,"[""NO_STORY_POOL"", ""BAND_DEFICIT""]"
gen_x_sandwich,compassion_fatigue,overwhelm,F006,True,True,0,{},"[1, 2, 3, 4, 5]",False,1771959085.5088143,RED,"[""NO_STORY_POOL"", ""BAND_DEFICIT""]"
gen_x_sandwich,compassion_fatigue,watcher,F006,True,True,0,{},"[1, 2, 3, 4, 5]",False,1771959085.511915,RED,"[""NO_STORY_POOL"", ""BAND_DEFICIT""]"
gen_x_sandwich,courage,false_alarm,F006,True,True,0,{},"[1, 2, 3, 4, 5]",False,,RED,"[""NO_STORY_POOL"", ""BAND_DEFICIT""]"
gen_x_sandwich,courage,shame,F006,True,True,0,{},"[1, 2, 3, 4, 5]",False,,RED,"[""NO_STORY_POOL"", ""BAND_DEFICIT""]"
gen_x_sandwich,courage,spiral,F006,True,True,0,{},"[1, 2, 3, 4, 5]",False,,RED,"[""NO_STORY_POOL"", ""BAND_DEFICIT""]"
gen_x_sandwich,depression,grief,F006,True,True,0,{},"[1, 2, 3, 4, 5]",False,1771959085.5156662,RED,"[""NO_STORY_POOL"", ""BAND_DEFICIT""]"
gen_x_sandwich,depression,overwhelm,F006,True,True,0,{},"[1, 2, 3, 4, 5]",False,1771959085.51716,RED,"[""NO_STORY_POOL"", ""BAND_DEFICIT""]"
gen_x_sandwich,depression,watcher,F006,True,True,0,{},"[1, 2, 3, 4, 5]",False,1771959085.514661,RED,"[""NO_STORY_POOL"", ""BAND_DEFICIT""]"
gen_x_sandwich,financial_anxiety,overwhelm,F006,True,True,0,{},"[1, 2, 3, 4, 5]",False,1771958209.5612648,RED,"[""NO_STORY_POOL"", ""BAND_DEFICIT""]"
gen_x_sandwich,financial_anxiety,shame,F006,True,True,0,{},"[1, 2, 3, 4, 5]",False,1771958265.9641461,RED,"[""NO_STORY_POOL"", ""BAND_DEFICIT""]"
gen_x_sandwich,financial_anxiety,spiral,F006,True,True,0,{},"[1, 2, 3, 4, 5]",False,1771958237.554767,RED,"[""NO_STORY_POOL"", ""BAND_DEFICIT""]"
gen_x_sandwich,financial_stress,overwhelm,F006,True,True,0,{},"[1, 2, 3, 4, 5]",False,,RED,"[""NO_STORY_POOL"", ""BAND_DEFICIT""]"
gen_x_sandwich,financial_stress,shame,F006,True,True,0,{},"[1, 2, 3, 4, 5]",False,,RED,"[""NO_STORY_POOL"", ""BAND_DEFICIT""]"
gen_x_sandwich,financial_stress,spiral,F006,True,True,0,{},"[1, 2, 3, 4, 5]",False,,RED,"[""NO_STORY_POOL"", ""BAND_DEFICIT""]"
gen_x_sandwich,grief,grief,F006,True,True,0,{},"[1, 2, 3, 4, 5]",False,1771959136.9327507,RED,"[""NO_STORY_POOL"", ""BAND_DEFICIT""]"
gen_x_sandwich,grief,watcher,F006,True,True,0,{},"[1, 2, 3, 4, 5]",False,1771959136.9363892,RED,"[""NO_STORY_POOL"", ""BAND_DEFICIT""]"
gen_x_sandwich,imposter_syndrome,comparison,F006,True,True,0,{},"[1, 2, 3, 4, 5]",False,1771958322.9130113,RED,"[""NO_STORY_POOL"", ""BAND_DEFICIT""]"
gen_x_sandwich,imposter_syndrome,shame,F006,True,True,0,{},"[1, 2, 3, 4, 5]",False,1771958295.0731142,RED,"[""NO_STORY_POOL"", ""BAND_DEFICIT""]"
gen_x_sandwich,overthinking,false_alarm,F006,True,True,0,{},"[1, 2, 3, 4, 5]",False,1771959085.4674838,RED,"[""NO_STORY_POOL"", ""BAND_DEFICIT""]"
gen_x_sandwich,overthinking,spiral,F006,True,True,0,{},"[1, 2, 3, 4, 5]",False,1771959085.4611595,RED,"[""NO_STORY_POOL"", ""BAND_DEFICIT""]"
gen_x_sandwich,overthinking,watcher,F006,True,True,0,{},"[1, 2, 3, 4, 5]",False,1771959085.4656298,RED,"[""NO_STORY_POOL"", ""BAND_DEFICIT""]"
gen_x_sandwich,self_worth,comparison,F006,True,True,0,{},"[1, 2, 3, 4, 5]",False,1771959136.940243,RED,"[""NO_STORY_POOL"", ""BAND_DEFICIT""]"
gen_x_sandwich,self_worth,shame,F006,True,True,0,{},"[1, 2, 3, 4, 5]",False,1771959136.9382684,RED,"[""NO_STORY_POOL"", ""BAND_DEFICIT""]"
gen_x_sandwich,sleep_anxiety,false_alarm,F006,True,True,0,{},"[1, 2, 3, 4, 5]",False,1771959085.4737432,RED,"[""NO_STORY_POOL"", ""BAND_DEFICIT""]"
gen_x_sandwich,sleep_anxiety,overwhelm,F006,True,True,0,{},"[1, 2, 3, 4, 5]",False,1771959085.488772,RED,"[""NO_STORY_POOL"", ""BAND_DEFICIT""]"
gen_x_sandwich,sleep_anxiety,spiral,F006,True,True,0,{},"[1, 2, 3, 4, 5]",False,1771959085.4820738,RED,"[""NO_STORY_POOL"", ""BAND_DEFICIT""]"
gen_x_sandwich,social_anxiety,comparison,F006,True,True,0,{},"[1, 2, 3, 4, 5]",False,1771959085.5029526,RED,"[""NO_STORY_POOL"", ""BAND_DEFICIT""]"
gen_x_sandwich,social_anxiety,false_alarm,F006,True,True,0,{},"[1, 2, 3, 4, 5]",False,1771959085.492173,RED,"[""NO_STORY_POOL"", ""BAND_DEFICIT""]"
gen_x_sandwich,social_anxiety,shame,F006,True,True,0,{},"[1, 2, 3, 4, 5]",False,1771959085.496742,RED,"[""NO_STORY_POOL"", ""BAND_DEFICIT""]"
gen_x_sandwich,somatic_healing,overwhelm,F006,True,True,0,{},"[1, 2, 3, 4, 5]",False,1771959085.505713,RED,"[""NO_STORY_POOL"", ""BAND_DEFICIT""]"
gen_x_sandwich,somatic_healing,watcher,F006,True,True,0,{},"[1, 2, 3, 4, 5]",False,1771959085.5045109,RED,"[""NO_STORY_POOL"", ""BAND_DEFICIT""]"
gen_z_professionals,anxiety,comparison,F006,True,True,20,"{""2"": 7, ""3"": 10, ""4"": 3}","[1, 5]",True,1771876052.0323074,RED,"[""BAND_DEFICIT""]"
gen_z_professionals,anxiety,false_alarm,F006,True,True,20,"{""2"": 7, ""3"": 10, ""4"": 3}","[1, 5]",True,1771875684.32389,RED,"[""BAND_DEFICIT""]"
gen_z_professionals,anxiety,grief,F006,True,True,20,"{""2"": 7, ""3"": 10, ""4"": 3}","[1, 5]",True,1771876144.0285766,RED,"[""BAND_DEFICIT""]"
gen_z_professionals,anxiety,overwhelm,F002,True,True,17,"{""2"": 5, ""3"": 7, ""4"": 4, ""1"": 1}",[],True,1771893551.7529714,GREEN,[]
gen_z_professionals,anxiety,overwhelm,F006,True,True,17,"{""2"": 5, ""3"": 7, ""4"": 4, ""1"": 1}",[5],True,1771893551.7529714,RED,"[""BAND_DEFICIT""]"
gen_z_professionals,anxiety,shame,F006,True,True,20,"{""2"": 7, ""3"": 10, ""4"": 3}","[1, 5]",True,1771875957.6945887,RED,"[""BAND_DEFICIT""]"
gen_z_professionals,anxiety,spiral,F006,True,True,20,"{""2"": 7, ""3"": 10, ""4"": 3}","[1, 5]",True,1771875773.3427286,RED,"[""BAND_DEFICIT""]"
gen_z_professionals,anxiety,watcher,F006,True,True,20,"{""2"": 7, ""3"": 10, ""4"": 3}","[1, 5]",True,1771875866.1924033,RED,"[""BAND_DEFICIT""]"
gen_z_professionals,boundaries,comparison,F006,True,True,0,{},"[1, 2, 3, 4, 5]",False,1771969044.9550009,RED,"[""NO_STORY_POOL"", ""BAND_DEFICIT""]"
gen_z_professionals,boundaries,false_alarm,F006,True,True,0,{},"[1, 2, 3, 4, 5]",False,1771969044.956979,RED,"[""NO_STORY_POOL"", ""BAND_DEFICIT""]"
gen_z_professionals,boundaries,shame,F006,True,True,0,{},"[1, 2, 3, 4, 5]",False,1771969044.958506,RED,"[""NO_STORY_POOL"", ""BAND_DEFICIT""]"
gen_z_professionals,burnout,grief,F006,True,True,0,{},"[1, 2, 3, 4, 5]",False,1771959545.4708657,RED,"[""NO_STORY_POOL"", ""BAND_DEFICIT""]"
gen_z_professionals,burnout,overwhelm,F006,True,True,0,{},"[1, 2, 3, 4, 5]",False,1771959592.3973553,RED,"[""NO_STORY_POOL"", ""BAND_DEFICIT""]"
gen_z_professionals,burnout,watcher,F006,True,True,0,{},"[1, 2, 3, 4, 5]",False,1771959627.848462,RED,"[""NO_STORY_POOL"", ""BAND_DEFICIT""]"
gen_z_professionals,compassion_fatigue,grief,F006,True,True,0,{},"[1, 2, 3, 4, 5]",False,1771969044.9597337,RED,"[""NO_STORY_POOL"", ""BAND_DEFICIT""]"
gen_z_professionals,compassion_fatigue,overwhelm,F006,True,True,0,{},"[1, 2, 3, 4, 5]",False,1771969044.9639037,RED,"[""NO_STORY_POOL"", ""BAND_DEFICIT""]"
gen_z_professionals,compassion_fatigue,watcher,F006,True,True,0,{},"[1, 2, 3, 4, 5]",False,1771969044.965825,RED,"[""NO_STORY_POOL"", ""BAND_DEFICIT""]"
gen_z_professionals,courage,false_alarm,F006,True,True,20,"{""2"": 7, ""3"": 10, ""4"": 3}","[1, 5]",True,1771876541.8866744,RED,"[""BAND_DEFICIT""]"
gen_z_professionals,courage,shame,F006,True,True,20,"{""2"": 7, ""3"": 10, ""4"": 3}","[1, 5]",True,1771876632.306933,RED,"[""BAND_DEFICIT""]"
gen_z_professionals,courage,spiral,F006,True,True,20,"{""2"": 7, ""3"": 10, ""4"": 3}","[1, 5]",True,1771876725.3659716,RED,"[""BAND_DEFICIT""]"
gen_z_professionals,depression,grief,F006,True,True,0,{},"[1, 2, 3, 4, 5]",False,1771969044.9813557,RED,"[""NO_STORY_POOL"", ""BAND_DEFICIT""]"
gen_z_professionals,depression,overwhelm,F006,True,True,0,{},"[1, 2, 3, 4, 5]",False,1771969044.9826148,RED,"[""NO_STORY_POOL"", ""BAND_DEFICIT""]"
gen_z_professionals,depression,watcher,F006,True,True,0,{},"[1, 2, 3, 4, 5]",False,1771969044.9861615,RED,"[""NO_STORY_POOL"", ""BAND_DEFICIT""]"
gen_z_professionals,financial_anxiety,overwhelm,F006,True,True,0,{},"[1, 2, 3, 4, 5]",False,1771959667.1097615,RED,"[""NO_STORY_POOL"", ""BAND_DEFICIT""]"
gen_z_professionals,financial_anxiety,shame,F006,True,True,0,{},"[1, 2, 3, 4, 5]",False,1771959700.1020644,RED,"[""NO_STORY_POOL"", ""BAND_DEFICIT""]"
gen_z_professionals,financial_anxiety,spiral,F006,True,True,0,{},"[1, 2, 3, 4, 5]",False,1771959731.822264,RED,"[""NO_STORY_POOL"", ""BAND_DEFICIT""]"
gen_z_professionals,financial_stress,overwhelm,F006,True,True,17,"{""2"": 5, ""3"": 7, ""4"": 4, ""1"": 1}",[5],True,1771893551.7635694,RED,"[""BAND_DEFICIT""]"
gen_z_professionals,financial_stress,shame,F006,True,True,17,"{""2"": 5, ""3"": 7, ""4"": 4, ""1"": 1}",[5],True,1771893551.7659771,RED,"[""BAND_DEFICIT""]"
gen_z_professionals,financial_stress,spiral,F006,True,True,17,"{""2"": 5, ""3"": 7, ""4"": 4, ""1"": 1}",[5],True,1771893551.767254,RED,"[""BAND_DEFICIT""]"
gen_z_professionals,grief,grief,F006,True,True,0,{},"[1, 2, 3, 4, 5]",False,1771969044.9683795,RED,"[""NO_STORY_POOL"", ""BAND_DEFICIT""]"
gen_z_professionals,grief,watcher,F006,True,True,0,{},"[1, 2, 3, 4, 5]",False,1771969044.9707072,RED,"[""NO_STORY_POOL"", ""BAND_DEFICIT""]"
gen_z_professionals,imposter_syndrome,comparison,F006,True,True,0,{},"[1, 2, 3, 4, 5]",False,1771959761.4958565,RED,"[""NO_STORY_POOL"", ""BAND_DEFICIT""]"
gen_z_professionals,imposter_syndrome,shame,F006,True,True,0,{},"[1, 2, 3, 4, 5]",False,1771959789.7183492,RED,"[""NO_STORY_POOL"", ""BAND_DEFICIT""]"
gen_z_professionals,overthinking,false_alarm,F006,True,True,0,{},"[1, 2, 3, 4, 5]",False,1771959814.9792664,RED,"[""NO_STORY_POOL"", ""BAND_DEFICIT""]"
gen_z_professionals,overthinking,spiral,F006,True,True,0,{},"[1, 2, 3, 4, 5]",False,1771959839.5877628,RED,"[""NO_STORY_POOL"", ""BAND_DEFICIT""]"
gen_z_professionals,overthinking,watcher,F006,True,True,0,{},"[1, 2, 3, 4, 5]",False,1771959859.6674392,RED,"[""NO_STORY_POOL"", ""BAND_DEFICIT""]"
gen_z_professionals,self_worth,comparison,F006,True,True,0,{},"[1, 2, 3, 4, 5]",False,1771969044.9740405,RED,"[""NO_STORY_POOL"", ""BAND_DEFICIT""]"
gen_z_professionals,self_worth,shame,F006,True,True,0,{},"[1, 2, 3, 4, 5]",False,1771969044.9768915,RED,"[""NO_STORY_POOL"", ""BAND_DEFICIT""]"
gen_z_professionals,sleep_anxiety,false_alarm,F006,True,True,0,{},"[1, 2, 3, 4, 5]",False,1771959880.9816928,RED,"[""NO_STORY_POOL"", ""BAND_DEFICIT""]"
gen_z_professionals,sleep_anxiety,overwhelm,F006,True,True,0,{},"[1, 2, 3, 4, 5]",False,1771959897.9147456,RED,"[""NO_STORY_POOL"", ""BAND_DEFICIT""]"
gen_z_professionals,sleep_anxiety,spiral,F006,True,True,0,{},"[1, 2, 3, 4, 5]",False,1771959919.5643823,RED,"[""NO_STORY_POOL"", ""BAND_DEFICIT""]"
gen_z_professionals,social_anxiety,comparison,F006,True,True,0,{},"[1, 2, 3, 4, 5]",False,1771959937.8035116,RED,"[""NO_STORY_POOL"", ""BAND_DEFICIT""]"
gen_z_professionals,social_anxiety,false_alarm,F006,True,True,0,{},"[1, 2, 3, 4, 5]",False,1771959954.7611787,RED,"[""NO_STORY_POOL"", ""BAND_DEFICIT""]"
gen_z_professionals,social_anxiety,shame,F006,True,True,0,{},"[1, 2, 3, 4, 5]",False,1771959971.8745701,RED,"[""NO_STORY_POOL"", ""BAND_DEFICIT""]"
gen_z_professionals,somatic_healing,overwhelm,F006,True,True,0,{},"[1, 2, 3, 4, 5]",False,1771959989.9672537,RED,"[""NO_STORY_POOL"", ""BAND_DEFICIT""]"
gen_z_professionals,somatic_healing,watcher,F006,True,True,0,{},"[1, 2, 3, 4, 5]",False,1771960006.7523594,RED,"[""NO_STORY_POOL"", ""BAND_DEFICIT""]"
healthcare_rns,anxiety,comparison,F006,True,True,20,"{""2"": 7, ""3"": 10, ""4"": 3}","[1, 5]",True,1771879889.2705364,RED,"[""BAND_DEFICIT""]"
healthcare_rns,anxiety,false_alarm,F006,True,True,20,"{""2"": 7, ""3"": 10, ""4"": 3}","[1, 5]",True,1771879334.9956262,RED,"[""BAND_DEFICIT""]"
healthcare_rns,anxiety,grief,F006,True,True,20,"{""2"": 7, ""3"": 10, ""4"": 3}","[1, 5]",True,1771879985.3214576,RED,"[""BAND_DEFICIT""]"
healthcare_rns,anxiety,overwhelm,F006,True,True,20,"{""2"": 7, ""3"": 10, ""4"": 3}","[1, 5]",True,1771879613.3938053,RED,"[""BAND_DEFICIT""]"
healthcare_rns,anxiety,shame,F006,True,True,20,"{""2"": 7, ""3"": 10, ""4"": 3}","[1, 5]",True,1771879796.3152552,RED,"[""BAND_DEFICIT""]"
healthcare_rns,anxiety,spiral,F006,True,True,20,"{""2"": 7, ""3"": 10, ""4"": 3}","[1, 5]",True,1771879427.0257876,RED,"[""BAND_DEFICIT""]"
healthcare_rns,anxiety,watcher,F006,True,True,20,"{""2"": 7, ""3"": 10, ""4"": 3}","[1, 5]",True,1771879519.9774804,RED,"[""BAND_DEFICIT""]"
healthcare_rns,boundaries,comparison,F006,True,True,0,{},"[1, 2, 3, 4, 5]",False,1771968468.5621085,RED,"[""NO_STORY_POOL"", ""BAND_DEFICIT""]"
healthcare_rns,boundaries,false_alarm,F006,True,True,0,{},"[1, 2, 3, 4, 5]",False,1771968468.563766,RED,"[""NO_STORY_POOL"", ""BAND_DEFICIT""]"
healthcare_rns,boundaries,shame,F006,True,True,0,{},"[1, 2, 3, 4, 5]",False,1771968468.5656817,RED,"[""NO_STORY_POOL"", ""BAND_DEFICIT""]"
healthcare_rns,burnout,grief,F006,True,True,0,{},"[1, 2, 3, 4, 5]",False,1771959530.7423737,RED,"[""NO_STORY_POOL"", ""BAND_DEFICIT""]"
healthcare_rns,burnout,overwhelm,F006,True,True,0,{},"[1, 2, 3, 4, 5]",False,1771959554.5601532,RED,"[""NO_STORY_POOL"", ""BAND_DEFICIT""]"
healthcare_rns,burnout,watcher,F006,True,True,0,{},"[1, 2, 3, 4, 5]",False,1771959577.7755764,RED,"[""NO_STORY_POOL"", ""BAND_DEFICIT""]"
healthcare_rns,compassion_fatigue,grief,F006,True,True,0,{},"[1, 2, 3, 4, 5]",False,1771968468.5671494,RED,"[""NO_STORY_POOL"", ""BAND_DEFICIT""]"
healthcare_rns,compassion_fatigue,overwhelm,F006,True,True,0,{},"[1, 2, 3, 4, 5]",False,1771968468.5688858,RED,"[""NO_STORY_POOL"", ""BAND_DEFICIT""]"
healthcare_rns,compassion_fatigue,watcher,F006,True,True,0,{},"[1, 2, 3, 4, 5]",False,1771968468.5702717,RED,"[""NO_STORY_POOL"", ""BAND_DEFICIT""]"
healthcare_rns,courage,false_alarm,F006,True,True,20,"{""2"": 7, ""3"": 10, ""4"": 3}","[1, 5]",True,1771880381.8909745,RED,"[""BAND_DEFICIT""]"
healthcare_rns,courage,shame,F006,True,True,20,"{""2"": 7, ""3"": 10, ""4"": 3}","[1, 5]",True,1771880478.1447759,RED,"[""BAND_DEFICIT""]"
healthcare_rns,courage,spiral,F006,True,True,20,"{""2"": 7, ""3"": 10, ""4"": 3}","[1, 5]",True,1771880796.9525144,RED,"[""BAND_DEFICIT""]"
healthcare_rns,depression,grief,F006,True,True,0,{},"[1, 2, 3, 4, 5]",False,1771968468.5801806,RED,"[""NO_STORY_POOL"", ""BAND_DEFICIT""]"
healthcare_rns,depression,overwhelm,F006,True,True,0,{},"[1, 2, 3, 4, 5]",False,1771968468.582083,RED,"[""NO_STORY_POOL"", ""BAND_DEFICIT""]"
healthcare_rns,depression,watcher,F006,True,True,0,{},"[1, 2, 3, 4, 5]",False,1771968468.583227,RED,"[""NO_STORY_POOL"", ""BAND_DEFICIT""]"
healthcare_rns,financial_anxiety,overwhelm,F006,True,True,0,{},"[1, 2, 3, 4, 5]",False,1771959602.706496,RED,"[""NO_STORY_POOL"", ""BAND_DEFICIT""]"
healthcare_rns,financial_anxiety,shame,F006,True,True,0,{},"[1, 2, 3, 4, 5]",False,1771959625.2872581,RED,"[""NO_STORY_POOL"", ""BAND_DEFICIT""]"
healthcare_rns,financial_anxiety,spiral,F006,True,True,0,{},"[1, 2, 3, 4, 5]",False,1771959647.3267953,RED,"[""NO_STORY_POOL"", ""BAND_DEFICIT""]"
healthcare_rns,financial_stress,overwhelm,F006,True,True,20,"{""3"": 15, ""4"": 5}","[1, 2, 5]",True,1771893585.615501,RED,"[""BAND_DEFICIT""]"
healthcare_rns,financial_stress,shame,F006,True,True,20,"{""1"": 5, ""2"": 5, ""3"": 5, ""4"": 5}",[5],True,1771893585.6166265,RED,"[""BAND_DEFICIT""]"
healthcare_rns,financial_stress,spiral,F006,True,True,20,"{""2"": 10, ""3"": 5, ""4"": 5}","[1, 5]",True,1771893585.6176846,RED,"[""BAND_DEFICIT""]"
healthcare_rns,grief,grief,F006,True,True,0,{},"[1, 2, 3, 4, 5]",False,1771968468.5723054,RED,"[""NO_STORY_POOL"", ""BAND_DEFICIT""]"
healthcare_rns,grief,watcher,F006,True,True,0,{},"[1, 2, 3, 4, 5]",False,1771968468.5737693,RED,"[""NO_STORY_POOL"", ""BAND_DEFICIT""]"
healthcare_rns,imposter_syndrome,comparison,F006,True,True,0,{},"[1, 2, 3, 4, 5]",False,1771959668.5611854,RED,"[""NO_STORY_POOL"", ""BAND_DEFICIT""]"
healthcare_rns,imposter_syndrome,shame,F006,True,True,0,{},"[1, 2, 3, 4, 5]",False,1771959687.3078487,RED,"[""NO_STORY_POOL"", ""BAND_DEFICIT""]"
healthcare_rns,overthinking,false_alarm,F006,True,True,0,{},"[1, 2, 3, 4, 5]",False,1771959708.3276052,RED,"[""NO_STORY_POOL"", ""BAND_DEFICIT""]"
healthcare_rns,overthinking,spiral,F006,True,True,0,{},"[1, 2, 3, 4, 5]",False,1771959726.8665593,RED,"[""NO_STORY_POOL"", ""BAND_DEFICIT""]"
healthcare_rns,overthinking,watcher,F006,True,True,0,{},"[1, 2, 3, 4, 5]",False,1771959743.6169176,RED,"[""NO_STORY_POOL"", ""BAND_DEFICIT""]"
healthcare_rns,self_worth,comparison,F006,True,True,0,{},"[1, 2, 3, 4, 5]",False,1771968468.5751197,RED,"[""NO_STORY_POOL"", ""BAND_DEFICIT""]"
healthcare_rns,self_worth,shame,F006,True,True,0,{},"[1, 2, 3, 4, 5]",False,1771968468.5773287,RED,"[""NO_STORY_POOL"", ""BAND_DEFICIT""]"
healthcare_rns,sleep_anxiety,false_alarm,F006,True,True,0,{},"[1, 2, 3, 4, 5]",False,1771959760.036444,RED,"[""NO_STORY_POOL"", ""BAND_DEFICIT""]"
healthcare_rns,sleep_anxiety,overwhelm,F006,True,True,0,{},"[1, 2, 3, 4, 5]",False,1771959776.3012664,RED,"[""NO_STORY_POOL"", ""BAND_DEFICIT""]"
healthcare_rns,sleep_anxiety,spiral,F006,True,True,0,{},"[1, 2, 3, 4, 5]",False,1771959791.7439575,RED,"[""NO_STORY_POOL"", ""BAND_DEFICIT""]"
healthcare_rns,social_anxiety,comparison,F006,True,True,0,{},"[1, 2, 3, 4, 5]",False,1771959807.6429029,RED,"[""NO_STORY_POOL"", ""BAND_DEFICIT""]"
healthcare_rns,social_anxiety,false_alarm,F006,True,True,0,{},"[1, 2, 3, 4, 5]",False,1771959822.597825,RED,"[""NO_STORY_POOL"", ""BAND_DEFICIT""]"
healthcare_rns,social_anxiety,shame,F006,True,True,0,{},"[1, 2, 3, 4, 5]",False,1771959836.5473406,RED,"[""NO_STORY_POOL"", ""BAND_DEFICIT""]"
healthcare_rns,somatic_healing,overwhelm,F006,True,True,0,{},"[1, 2, 3, 4, 5]",False,1771959853.0603056,RED,"[""NO_STORY_POOL"", ""BAND_DEFICIT""]"
healthcare_rns,somatic_healing,watcher,F006,True,True,0,{},"[1, 2, 3, 4, 5]",False,1771959868.4017549,RED,"[""NO_STORY_POOL"", ""BAND_DEFICIT""]"
millennial_women_professionals,anxiety,comparison,F006,True,True,0,{},"[1, 2, 3, 4, 5]",False,,RED,"[""NO_STORY_POOL"", ""BAND_DEFICIT""]"
millennial_women_professionals,anxiety,false_alarm,F006,True,True,0,{},"[1, 2, 3, 4, 5]",False,,RED,"[""NO_STORY_POOL"", ""BAND_DEFICIT""]"
millennial_women_professionals,anxiety,grief,F006,True,True,0,{},"[1, 2, 3, 4, 5]",False,,RED,"[""NO_STORY_POOL"", ""BAND_DEFICIT""]"
millennial_women_professionals,anxiety,overwhelm,F006,True,True,0,{},"[1, 2, 3, 4, 5]",False,,RED,"[""NO_STORY_POOL"", ""BAND_DEFICIT""]"
millennial_women_professionals,anxiety,shame,F006,True,True,0,{},"[1, 2, 3, 4, 5]",False,,RED,"[""NO_STORY_POOL"", ""BAND_DEFICIT""]"
millennial_women_professionals,anxiety,spiral,F006,True,True,0,{},"[1, 2, 3, 4, 5]",False,,RED,"[""NO_STORY_POOL"", ""BAND_DEFICIT""]"
millennial_women_professionals,anxiety,watcher,F006,True,True,0,{},"[1, 2, 3, 4, 5]",False,,RED,"[""NO_STORY_POOL"", ""BAND_DEFICIT""]"
millennial_women_professionals,boundaries,comparison,F006,True,True,0,{},"[1, 2, 3, 4, 5]",False,1771958547.9385836,RED,"[""NO_STORY_POOL"", ""BAND_DEFICIT""]"
millennial_women_professionals,boundaries,false_alarm,F006,True,True,0,{},"[1, 2, 3, 4, 5]",False,1771958575.03431,RED,"[""NO_STORY_POOL"", ""BAND_DEFICIT""]"
millennial_women_professionals,boundaries,shame,F006,True,True,0,{},"[1, 2, 3, 4, 5]",False,1771958522.067,RED,"[""NO_STORY_POOL"", ""BAND_DEFICIT""]"
millennial_women_professionals,burnout,grief,F006,True,True,0,{},"[1, 2, 3, 4, 5]",False,1771958295.501309,RED,"[""NO_STORY_POOL"", ""BAND_DEFICIT""]"
millennial_women_professionals,burnout,overwhelm,F006,True,True,0,{},"[1, 2, 3, 4, 5]",False,1771958171.540116,RED,"[""NO_STORY_POOL"", ""BAND_DEFICIT""]"
millennial_women_professionals,burnout,watcher,F006,True,True,0,{},"[1, 2, 3, 4, 5]",False,1771958236.7250931,RED,"[""NO_STORY_POOL"", ""BAND_DEFICIT""]"
millennial_women_professionals,compassion_fatigue,grief,F006,True,True,0,{},"[1, 2, 3, 4, 5]",False,1771959027.0047665,RED,"[""NO_STORY_POOL"", ""BAND_DEFICIT""]"
millennial_women_professionals,compassion_fatigue,overwhelm,F006,True,True,0,{},"[1, 2, 3, 4, 5]",False,1771958990.2988138,RED,"[""NO_STORY_POOL"", ""BAND_DEFICIT""]"
millennial_women_professionals,compassion_fatigue,watcher,F006,True,True,0,{},"[1, 2, 3, 4, 5]",False,1771959008.7721145,RED,"[""NO_STORY_POOL"", ""BAND_DEFICIT""]"
millennial_women_professionals,courage,false_alarm,F006,True,True,0,{},"[1, 2, 3, 4, 5]",False,,RED,"[""NO_STORY_POOL"", ""BAND_DEFICIT""]"
millennial_women_professionals,courage,shame,F006,True,True,0,{},"[1, 2, 3, 4, 5]",False,,RED,"[""NO_STORY_POOL"", ""BAND_DEFICIT""]"
millennial_women_professionals,courage,spiral,F006,True,True,0,{},"[1, 2, 3, 4, 5]",False,,RED,"[""NO_STORY_POOL"", ""BAND_DEFICIT""]"
millennial_women_professionals,depression,grief,F006,True,True,0,{},"[1, 2, 3, 4, 5]",False,1771959059.028023,RED,"[""NO_STORY_POOL"", ""BAND_DEFICIT""]"
millennial_women_professionals,depression,overwhelm,F006,True,True,0,{},"[1, 2, 3, 4, 5]",False,1771959074.5761652,RED,"[""NO_STORY_POOL"", ""BAND_DEFICIT""]"
millennial_women_professionals,depression,watcher,F006,True,True,0,{},"[1, 2, 3, 4, 5]",False,1771959043.3532877,RED,"[""NO_STORY_POOL"", ""BAND_DEFICIT""]"
millennial_women_professionals,financial_anxiety,overwhelm,F006,True,True,0,{},"[1, 2, 3, 4, 5]",False,1771958347.48377,RED,"[""NO_STORY_POOL"", ""BAND_DEFICIT""]"
millennial_women_professionals,financial_anxiety,shame,F006,True,True,0,{},"[1, 2, 3, 4, 5]",False,1771958424.9381614,RED,"[""NO_STORY_POOL"", ""BAND_DEFICIT""]"
millennial_women_professionals,financial_anxiety,spiral,F006,True,True,0,{},"[1, 2, 3, 4, 5]",False,1771958386.7254355,RED,"[""NO_STORY_POOL"", ""BAND_DEFICIT""]"
millennial_women_professionals,financial_stress,overwhelm,F006,True,True,0,{},"[1, 2, 3, 4, 5]",False,,RED,"[""NO_STORY_POOL"", ""BAND_DEFICIT""]"
millennial_women_professionals,financial_stress,shame,F006,True,True,0,{},"[1, 2, 3, 4, 5]",False,,RED,"[""NO_STORY_POOL"", ""BAND_DEFICIT""]"
millennial_women_professionals,financial_stress,spiral,F006,True,True,0,{},"[1, 2, 3, 4, 5]",False,,RED,"[""NO_STORY_POOL"", ""BAND_DEFICIT""]"
millennial_women_professionals,grief,grief,F006,True,True,0,{},"[1, 2, 3, 4, 5]",False,1771959089.9690397,RED,"[""NO_STORY_POOL"", ""BAND_DEFICIT""]"
millennial_women_professionals,grief,watcher,F006,True,True,0,{},"[1, 2, 3, 4, 5]",False,1771959103.6819198,RED,"[""NO_STORY_POOL"", ""BAND_DEFICIT""]"
millennial_women_professionals,imposter_syndrome,comparison,F006,True,True,0,{},"[1, 2, 3, 4, 5]",False,1771958489.8758855,RED,"[""NO_STORY_POOL"", ""BAND_DEFICIT""]"
millennial_women_professionals,imposter_syndrome,shame,F006,True,True,0,{},"[1, 2, 3, 4, 5]",False,1771958459.4482763,RED,"[""NO_STORY_POOL"", ""BAND_DEFICIT""]"
millennial_women_professionals,overthinking,false_alarm,F006,True,True,0,{},"[1, 2, 3, 4, 5]",False,1771958778.0434701,RED,"[""NO_STORY_POOL"", ""BAND_DEFICIT""]"
millennial_women_professionals,overthinking,spiral,F006,True,True,0,{},"[1, 2, 3, 4, 5]",False,1771958703.9843676,RED,"[""NO_STORY_POOL"", ""BAND_DEFICIT""]"
millennial_women_professionals,overthinking,watcher,F006,True,True,0,{},"[1, 2, 3, 4, 5]",False,1771958744.1446025,RED,"[""NO_STORY_POOL"", ""BAND_DEFICIT""]"
millennial_women_professionals,self_worth,comparison,F006,True,True,0,{},"[1, 2, 3, 4, 5]",False,1771959135.033346,RED,"[""NO_STORY_POOL"", ""BAND_DEFICIT""]"
millennial_women_professionals,self_worth,shame,F006,True,True,0,{},"[1, 2, 3, 4, 5]",False,1771959120.073947,RED,"[""NO_STORY_POOL"", ""BAND_DEFICIT""]"
millennial_women_professionals,sleep_anxiety,false_alarm,F006,True,True,0,{},"[1, 2, 3, 4, 5]",False,1771958807.0505142,RED,"[""NO_STORY_POOL"", ""BAND_DEFICIT""]"
millennial_women_professionals,sleep_anxiety,overwhelm,F006,True,True,0,{},"[1, 2, 3, 4, 5]",False,1771958861.9434848,RED,"[""NO_STORY_POOL"", ""BAND_DEFICIT""]"
millennial_women_professionals,sleep_anxiety,spiral,F006,True,True,0,{},"[1, 2, 3, 4, 5]",False,1771958836.0632265,RED,"[""NO_STORY_POOL"", ""BAND_DEFICIT""]"
millennial_women_professionals,social_anxiety,comparison,F006,True,True,0,{},"[1, 2, 3, 4, 5]",False,1771958931.5449018,RED,"[""NO_STORY_POOL"", ""BAND_DEFICIT""]"
millennial_women_professionals,social_anxiety,false_alarm,F006,True,True,0,{},"[1, 2, 3, 4, 5]",False,1771958887.5332382,RED,"[""NO_STORY_POOL"", ""BAND_DEFICIT""]"
millennial_women_professionals,social_anxiety,shame,F006,True,True,0,{},"[1, 2, 3, 4, 5]",False,1771958910.8581085,RED,"[""NO_STORY_POOL"", ""BAND_DEFICIT""]"
millennial_women_professionals,somatic_healing,overwhelm,F006,True,True,0,{},"[1, 2, 3, 4, 5]",False,1771958971.4488168,RED,"[""NO_STORY_POOL"", ""BAND_DEFICIT""]"
millennial_women_professionals,somatic_healing,watcher,F006,True,True,0,{},"[1, 2, 3, 4, 5]",False,1771958951.2354405,RED,"[""NO_STORY_POOL"", ""BAND_DEFICIT""]"
nyc_executives,boundaries,shame,F006,True,True,25,"{""1"": 5, ""2"": 5, ""3"": 5, ""4"": 5, ""5"": 5}",[],True,1771893551.7797039,GREEN,[]
nyc_executives,self_worth,shame,F006,True,True,20,"{""1"": 5, ""2"": 5, ""4"": 3, ""5"": 2, ""3"": 5}",[],True,1771915694.4885545,GREEN,[]
tech_finance_burnout,anxiety,comparison,F006,True,True,0,{},"[1, 2, 3, 4, 5]",False,,RED,"[""NO_STORY_POOL"", ""BAND_DEFICIT""]"
tech_finance_burnout,anxiety,false_alarm,F006,True,True,0,{},"[1, 2, 3, 4, 5]",False,,RED,"[""NO_STORY_POOL"", ""BAND_DEFICIT""]"
tech_finance_burnout,anxiety,grief,F006,True,True,0,{},"[1, 2, 3, 4, 5]",False,,RED,"[""NO_STORY_POOL"", ""BAND_DEFICIT""]"
tech_finance_burnout,anxiety,overwhelm,F006,True,True,0,{},"[1, 2, 3, 4, 5]",False,,RED,"[""NO_STORY_POOL"", ""BAND_DEFICIT""]"
tech_finance_burnout,anxiety,shame,F006,True,True,0,{},"[1, 2, 3, 4, 5]",False,,RED,"[""NO_STORY_POOL"", ""BAND_DEFICIT""]"
tech_finance_burnout,anxiety,spiral,F006,True,True,0,{},"[1, 2, 3, 4, 5]",False,,RED,"[""NO_STORY_POOL"", ""BAND_DEFICIT""]"
tech_finance_burnout,anxiety,watcher,F006,True,True,0,{},"[1, 2, 3, 4, 5]",False,,RED,"[""NO_STORY_POOL"", ""BAND_DEFICIT""]"
tech_finance_burnout,boundaries,comparison,F006,True,True,0,{},"[1, 2, 3, 4, 5]",False,1771958325.0846035,RED,"[""NO_STORY_POOL"", ""BAND_DEFICIT""]"
tech_finance_burnout,boundaries,false_alarm,F006,True,True,0,{},"[1, 2, 3, 4, 5]",False,1771958342.974493,RED,"[""NO_STORY_POOL"", ""BAND_DEFICIT""]"
tech_finance_burnout,boundaries,shame,F006,True,True,0,{},"[1, 2, 3, 4, 5]",False,1771958307.4536302,RED,"[""NO_STORY_POOL"", ""BAND_DEFICIT""]"
tech_finance_burnout,burnout,grief,F006,True,True,0,{},"[1, 2, 3, 4, 5]",False,1771958173.1789958,RED,"[""NO_STORY_POOL"", ""BAND_DEFICIT""]"
tech_finance_burnout,burnout,overwhelm,F006,True,True,0,{},"[1, 2, 3, 4, 5]",False,1771958080.2456264,RED,"[""NO_STORY_POOL"", ""BAND_DEFICIT""]"
tech_finance_burnout,burnout,watcher,F006,True,True,0,{},"[1, 2, 3, 4, 5]",False,1771958136.2721322,RED,"[""NO_STORY_POOL"", ""BAND_DEFICIT""]"
tech_finance_burnout,compassion_fatigue,grief,F006,True,True,0,{},"[1, 2, 3, 4, 5]",False,1771959933.4165707,RED,"[""NO_STORY_POOL"", ""BAND_DEFICIT""]"
tech_finance_burnout,compassion_fatigue,overwhelm,F006,True,True,0,{},"[1, 2, 3, 4, 5]",False,1771959954.6500185,RED,"[""NO_STORY_POOL"", ""BAND_DEFICIT""]"
tech_finance_burnout,compassion_fatigue,watcher,F006,True,True,0,{},"[1, 2, 3, 4, 5]",False,1771959974.1794968,RED,"[""NO_STORY_POOL"", ""BAND_DEFICIT""]"
tech_finance_burnout,courage,false_alarm,F006,True,True,0,{},"[1, 2, 3, 4, 5]",False,,RED,"[""NO_STORY_POOL"", ""BAND_DEFICIT""]"
tech_finance_burnout,courage,shame,F006,True,True,0,{},"[1, 2, 3, 4, 5]",False,,RED,"[""NO_STORY_POOL"", ""BAND_DEFICIT""]"
tech_finance_burnout,courage,spiral,F006,True,True,0,{},"[1, 2, 3, 4, 5]",False,,RED,"[""NO_STORY_POOL"", ""BAND_DEFICIT""]"
tech_finance_burnout,depression,grief,F006,True,True,0,{},"[1, 2, 3, 4, 5]",False,1771960106.4517415,RED,"[""NO_STORY_POOL"", ""BAND_DEFICIT""]"
tech_finance_burnout,depression,overwhelm,F006,True,True,0,{},"[1, 2, 3, 4, 5]",False,1771960013.0711641,RED,"[""NO_STORY_POOL"", ""BAND_DEFICIT""]"
tech_finance_burnout,depression,watcher,F006,True,True,0,{},"[1, 2, 3, 4, 5]",False,1771960029.3822105,RED,"[""NO_STORY_POOL"", ""BAND_DEFICIT""]"
tech_finance_burnout,financial_anxiety,overwhelm,F006,True,True,0,{},"[1, 2, 3, 4, 5]",False,1771958206.1317196,RED,"[""NO_STORY_POOL"", ""BAND_DEFICIT""]"
tech_finance_burnout,financial_anxiety,shame,F006,True,True,0,{},"[1, 2, 3, 4, 5]",False,1771958252.4963872,RED,"[""NO_STORY_POOL"", ""BAND_DEFICIT""]"
tech_finance_burnout,financial_anxiety,spiral,F006,True,True,0,{},"[1, 2, 3, 4, 5]",False,1771958232.925016,RED,"[""NO_STORY_POOL"", ""BAND_DEFICIT""]"
tech_finance_burnout,financial_stress,overwhelm,F006,True,True,0,{},"[1, 2, 3, 4, 5]",False,,RED,"[""NO_STORY_POOL"", ""BAND_DEFICIT""]"
tech_finance_burnout,financial_stress,shame,F006,True,True,0,{},"[1, 2, 3, 4, 5]",False,,RED,"[""NO_STORY_POOL"", ""BAND_DEFICIT""]"
tech_finance_burnout,financial_stress,spiral,F006,True,True,0,{},"[1, 2, 3, 4, 5]",False,,RED,"[""NO_STORY_POOL"", ""BAND_DEFICIT""]"
tech_finance_burnout,grief,grief,F006,True,True,0,{},"[1, 2, 3, 4, 5]",False,1771960048.4705384,RED,"[""NO_STORY_POOL"", ""BAND_DEFICIT""]"
tech_finance_burnout,grief,watcher,F006,True,True,0,{},"[1, 2, 3, 4, 5]",False,1771960065.176889,RED,"[""NO_STORY_POOL"", ""BAND_DEFICIT""]"
tech_finance_burnout,imposter_syndrome,comparison,F006,True,True,0,{},"[1, 2, 3, 4, 5]",False,1771958289.5086892,RED,"[""NO_STORY_POOL"", ""BAND_DEFICIT""]"
tech_finance_burnout,imposter_syndrome,shame,F006,True,True,0,{},"[1, 2, 3, 4, 5]",False,1771958271.9148583,RED,"[""NO_STORY_POOL"", ""BAND_DEFICIT""]"
tech_finance_burnout,overthinking,false_alarm,F006,True,True,0,{},"[1, 2, 3, 4, 5]",False,1771958894.0626252,RED,"[""NO_STORY_POOL"", ""BAND_DEFICIT""]"
tech_finance_burnout,overthinking,spiral,F006,True,True,0,{},"[1, 2, 3, 4, 5]",False,1771958814.433074,RED,"[""NO_STORY_POOL"", ""BAND_DEFICIT""]"
tech_finance_burnout,overthinking,watcher,F006,True,True,0,{},"[1, 2, 3, 4, 5]",False,1771958854.5570517,RED,"[""NO_STORY_POOL"", ""BAND_DEFICIT""]"
tech_finance_burnout,self_worth,comparison,F006,True,True,0,{},"[1, 2, 3, 4, 5]",False,1771960084.6670868,RED,"[""NO_STORY_POOL"", ""BAND_DEFICIT""]"
tech_finance_burnout,self_worth,shame,F006,True,True,0,{},"[1, 2, 3, 4, 5]",False,1771960101.5818844,RED,"[""NO_STORY_POOL"", ""BAND_DEFICIT""]"
tech_finance_burnout,sleep_anxiety,false_alarm,F006,True,True,0,{},"[1, 2, 3, 4, 5]",False,1771958930.2129984,RED,"[""NO_STORY_POOL"", ""BAND_DEFICIT""]"
tech_finance_burnout,sleep_anxiety,overwhelm,F006,True,True,0,{},"[1, 2, 3, 4, 5]",False,1771958993.3759158,RED,"[""NO_STORY_POOL"", ""BAND_DEFICIT""]"
tech_finance_burnout,sleep_anxiety,spiral,F006,True,True,0,{},"[1, 2, 3, 4, 5]",False,1771958964.8833933,RED,"[""NO_STORY_POOL"", ""BAND_DEFICIT""]"
tech_finance_burnout,social_anxiety,comparison,F006,True,True,0,{},"[1, 2, 3, 4, 5]",False,1771959085.4014993,RED,"[""NO_STORY_POOL"", ""BAND_DEFICIT""]"
tech_finance_burnout,social_anxiety,false_alarm,F006,True,True,0,{},"[1, 2, 3, 4, 5]",False,1771959026.5494406,RED,"[""NO_STORY_POOL"", ""BAND_DEFICIT""]"
tech_finance_burnout,social_anxiety,shame,F006,True,True,0,{},"[1, 2, 3, 4, 5]",False,1771959057.1439884,RED,"[""NO_STORY_POOL"", ""BAND_DEFICIT""]"
tech_finance_burnout,somatic_healing,overwhelm,F006,True,True,0,{},"[1, 2, 3, 4, 5]",False,1771959140.3600903,RED,"[""NO_STORY_POOL"", ""BAND_DEFICIT""]"
tech_finance_burnout,somatic_healing,watcher,F006,True,True,0,{},"[1, 2, 3, 4, 5]",False,1771959114.4231017,RED,"[""NO_STORY_POOL"", ""BAND_DEFICIT""]"
working_parents,anxiety,comparison,F006,True,True,0,{},"[1, 2, 3, 4, 5]",False,,RED,"[""NO_STORY_POOL"", ""BAND_DEFICIT""]"
working_parents,anxiety,false_alarm,F006,True,True,0,{},"[1, 2, 3, 4, 5]",False,,RED,"[""NO_STORY_POOL"", ""BAND_DEFICIT""]"
working_parents,anxiety,grief,F006,True,True,0,{},"[1, 2, 3, 4, 5]",False,,RED,"[""NO_STORY_POOL"", ""BAND_DEFICIT""]"
working_parents,anxiety,overwhelm,F006,True,True,0,{},"[1, 2, 3, 4, 5]",False,,RED,"[""NO_STORY_POOL"", ""BAND_DEFICIT""]"
working_parents,anxiety,shame,F006,True,True,0,{},"[1, 2, 3, 4, 5]",False,,RED,"[""NO_STORY_POOL"", ""BAND_DEFICIT""]"
working_parents,anxiety,spiral,F006,True,True,0,{},"[1, 2, 3, 4, 5]",False,,RED,"[""NO_STORY_POOL"", ""BAND_DEFICIT""]"
working_parents,anxiety,watcher,F006,True,True,0,{},"[1, 2, 3, 4, 5]",False,,RED,"[""NO_STORY_POOL"", ""BAND_DEFICIT""]"
working_parents,boundaries,comparison,F006,True,True,0,{},"[1, 2, 3, 4, 5]",False,1771958339.7446408,RED,"[""NO_STORY_POOL"", ""BAND_DEFICIT""]"
working_parents,boundaries,false_alarm,F006,True,True,0,{},"[1, 2, 3, 4, 5]",False,1771958370.6278298,RED,"[""NO_STORY_POOL"", ""BAND_DEFICIT""]"
working_parents,boundaries,shame,F006,True,True,0,{},"[1, 2, 3, 4, 5]",False,1771958308.7297175,RED,"[""NO_STORY_POOL"", ""BAND_DEFICIT""]"
working_parents,burnout,grief,F006,True,True,0,{},"[1, 2, 3, 4, 5]",False,1771958118.732432,RED,"[""NO_STORY_POOL"", ""BAND_DEFICIT""]"
working_parents,burnout,overwhelm,F006,True,True,0,{},"[1, 2, 3, 4, 5]",False,1771958044.6519043,RED,"[""NO_STORY_POOL"", ""BAND_DEFICIT""]"
working_parents,burnout,watcher,F006,True,True,0,{},"[1, 2, 3, 4, 5]",False,1771958081.0980816,RED,"[""NO_STORY_POOL"", ""BAND_DEFICIT""]"
working_parents,compassion_fatigue,grief,F006,True,True,0,{},"[1, 2, 3, 4, 5]",False,1771958783.939193,RED,"[""NO_STORY_POOL"", ""BAND_DEFICIT""]"
working_parents,compassion_fatigue,overwhelm,F006,True,True,0,{},"[1, 2, 3, 4, 5]",False,1771958783.9077408,RED,"[""NO_STORY_POOL"", ""BAND_DEFICIT""]"
working_parents,compassion_fatigue,watcher,F006,True,True,0,{},"[1, 2, 3, 4, 5]",False,1771958783.922861,RED,"[""NO_STORY_POOL"", ""BAND_DEFICIT""]"
working_parents,courage,false_alarm,F006,True,True,0,{},"[1, 2, 3, 4, 5]",False,,RED,"[""NO_STORY_POOL"", ""BAND_DEFICIT""]"
working_parents,courage,shame,F006,True,True,0,{},"[1, 2, 3, 4, 5]",False,,RED,"[""NO_STORY_POOL"", ""BAND_DEFICIT""]"
working_parents,courage,spiral,F006,True,True,0,{},"[1, 2, 3, 4, 5]",False,,RED,"[""NO_STORY_POOL"", ""BAND_DEFICIT""]"
working_parents,depression,grief,F006,True,True,0,{},"[1, 2, 3, 4, 5]",False,1771958783.9848258,RED,"[""NO_STORY_POOL"", ""BAND_DEFICIT""]"
working_parents,depression,overwhelm,F006,True,True,0,{},"[1, 2, 3, 4, 5]",False,1771958783.992022,RED,"[""NO_STORY_POOL"", ""BAND_DEFICIT""]"
working_parents,depression,watcher,F006,True,True,0,{},"[1, 2, 3, 4, 5]",False,1771958783.9644625,RED,"[""NO_STORY_POOL"", ""BAND_DEFICIT""]"
working_parents,financial_anxiety,overwhelm,F006,True,True,0,{},"[1, 2, 3, 4, 5]",False,1771958156.3989544,RED,"[""NO_STORY_POOL"", ""BAND_DEFICIT""]"
working_parents,financial_anxiety,shame,F006,True,True,0,{},"[1, 2, 3, 4, 5]",False,1771958219.837877,RED,"[""NO_STORY_POOL"", ""BAND_DEFICIT""]"
working_parents,financial_anxiety,spiral,F006,True,True,0,{},"[1, 2, 3, 4, 5]",False,1771958191.8308828,RED,"[""NO_STORY_POOL"", ""BAND_DEFICIT""]"
working_parents,financial_stress,overwhelm,F006,True,True,0,{},"[1, 2, 3, 4, 5]",False,,RED,"[""NO_STORY_POOL"", ""BAND_DEFICIT""]"
working_parents,financial_stress,shame,F006,True,True,0,{},"[1, 2, 3, 4, 5]",False,,RED,"[""NO_STORY_POOL"", ""BAND_DEFICIT""]"
working_parents,financial_stress,spiral,F006,True,True,0,{},"[1, 2, 3, 4, 5]",False,,RED,"[""NO_STORY_POOL"", ""BAND_DEFICIT""]"
working_parents,grief,grief,F006,True,True,0,{},"[1, 2, 3, 4, 5]",False,1771958784.047287,RED,"[""NO_STORY_POOL"", ""BAND_DEFICIT""]"
working_parents,grief,watcher,F006,True,True,0,{},"[1, 2, 3, 4, 5]",False,1771958784.1481197,RED,"[""NO_STORY_POOL"", ""BAND_DEFICIT""]"
working_parents,imposter_syndrome,comparison,F006,True,True,0,{},"[1, 2, 3, 4, 5]",False,1771958279.7679265,RED,"[""NO_STORY_POOL"", ""BAND_DEFICIT""]"
working_parents,imposter_syndrome,shame,F006,True,True,0,{},"[1, 2, 3, 4, 5]",False,1771958248.9454944,RED,"[""NO_STORY_POOL"", ""BAND_DEFICIT""]"
working_parents,overthinking,false_alarm,F006,True,True,0,{},"[1, 2, 3, 4, 5]",False,1771958783.870791,RED,"[""NO_STORY_POOL"", ""BAND_DEFICIT""]"
working_parents,overthinking,spiral,F006,True,True,0,{},"[1, 2, 3, 4, 5]",False,1771958783.8687193,RED,"[""NO_STORY_POOL"", ""BAND_DEFICIT""]"
working_parents,overthinking,watcher,F006,True,True,0,{},"[1, 2, 3, 4, 5]",False,1771958783.8699722,RED,"[""NO_STORY_POOL"", ""BAND_DEFICIT""]"
working_parents,self_worth,comparison,F006,True,True,0,{},"[1, 2, 3, 4, 5]",False,1771958784.2497816,RED,"[""NO_STORY_POOL"", ""BAND_DEFICIT""]"
working_parents,self_worth,shame,F006,True,True,0,{},"[1, 2, 3, 4, 5]",False,1771958784.2185538,RED,"[""NO_STORY_POOL"", ""BAND_DEFICIT""]"
working_parents,sleep_anxiety,false_alarm,F006,True,True,0,{},"[1, 2, 3, 4, 5]",False,1771958783.8719,RED,"[""NO_STORY_POOL"", ""BAND_DEFICIT""]"
working_parents,sleep_anxiety,overwhelm,F006,True,True,0,{},"[1, 2, 3, 4, 5]",False,1771958783.8734066,RED,"[""NO_STORY_POOL"", ""BAND_DEFICIT""]"
working_parents,sleep_anxiety,spiral,F006,True,True,0,{},"[1, 2, 3, 4, 5]",False,1771958783.8726668,RED,"[""NO_STORY_POOL"", ""BAND_DEFICIT""]"
working_parents,social_anxiety,comparison,F006,True,True,0,{},"[1, 2, 3, 4, 5]",False,1771958783.8770432,RED,"[""NO_STORY_POOL"", ""BAND_DEFICIT""]"
working_parents,social_anxiety,false_alarm,F006,True,True,0,{},"[1, 2, 3, 4, 5]",False,1771958783.8744664,RED,"[""NO_STORY_POOL"", ""BAND_DEFICIT""]"
working_parents,social_anxiety,shame,F006,True,True,0,{},"[1, 2, 3, 4, 5]",False,1771958783.8754063,RED,"[""NO_STORY_POOL"", ""BAND_DEFICIT""]"
working_parents,somatic_healing,overwhelm,F006,True,True,0,{},"[1, 2, 3, 4, 5]",False,1771958783.8954256,RED,"[""NO_STORY_POOL"", ""BAND_DEFICIT""]"
working_parents,somatic_healing,watcher,F006,True,True,0,{},"[1, 2, 3, 4, 5]",False,1771958783.882251,RED,"[""NO_STORY_POOL"", ""BAND_DEFICIT""]"
